account_id,account,region,industry
ACC001,Nova Systems 01,APAC,Retail
ACC002,Vertex Systems 02,EMEA,Manufacturing
ACC003,BluePeak Systems 03,North America,Technology
ACC004,Orion Systems 04,India,Retail
ACC005,Summit Systems 05,APAC,Manufacturing
ACC006,Alpha Systems 06,EMEA,Technology
ACC007,Nova Systems 07,North America,Retail
ACC008,Vertex Systems 08,India,Manufacturing
ACC009,BluePeak Systems 09,APAC,Technology
ACC010,Orion Systems 10,EMEA,Retail
ACC011,Summit Systems 11,North America,Manufacturing
ACC012,Alpha Systems 12,India,Technology
ACC013,Nova Systems 13,APAC,Retail
ACC014,Vertex Systems 14,EMEA,Manufacturing
ACC015,BluePeak Systems 15,North America,Technology
ACC016,Orion Systems 16,India,Retail
ACC017,Summit Systems 17,APAC,Manufacturing
ACC018,Alpha Systems 18,EMEA,Technology
ACC019,Nova Systems 19,North America,Retail
ACC020,Vertex Systems 20,India,Manufacturing
ACC021,BluePeak Systems 21,APAC,Technology
ACC022,Orion Systems 22,EMEA,Retail
ACC023,Summit Systems 23,North America,Manufacturing
ACC024,Alpha Systems 24,India,Technology
ACC025,Nova Systems 25,APAC,Retail
ACC026,Vertex Systems 26,EMEA,Manufacturing
ACC027,BluePeak Systems 27,North America,Technology
ACC028,Orion Systems 28,India,Retail
ACC029,Summit Systems 29,APAC,Manufacturing
ACC030,Alpha Systems 30,EMEA,Technology
ACC031,Nova Systems 31,North America,Retail
ACC032,Vertex Systems 32,India,Manufacturing
ACC033,BluePeak Systems 33,APAC,Technology
ACC034,Orion Systems 34,EMEA,Retail
ACC035,Summit Systems 35,North America,Manufacturing
ACC036,Alpha Systems 36,India,Technology
ACC037,Nova Systems 37,APAC,Retail
ACC038,Vertex Systems 38,EMEA,Manufacturing
ACC039,BluePeak Systems 39,North America,Technology
ACC040,Orion Systems 40,India,Retail
