contact_id,account_id,contact,email,job_title
CON001,ACC001,Contact 001,contact1@example.invalid,Operations Manager
CON002,ACC002,Contact 002,contact2@example.invalid,Operations Manager
CON003,ACC003,Contact 003,contact3@example.invalid,Operations Manager
CON004,ACC004,Contact 004,contact4@example.invalid,Operations Manager
CON005,ACC005,Contact 005,contact5@example.invalid,Operations Manager
CON006,ACC006,Contact 006,contact6@example.invalid,Operations Manager
CON007,ACC007,Contact 007,contact7@example.invalid,Operations Manager
CON008,ACC008,Contact 008,contact8@example.invalid,Operations Manager
CON009,ACC009,Contact 009,contact9@example.invalid,Operations Manager
CON010,ACC010,Contact 010,contact10@example.invalid,Operations Manager
CON011,ACC011,Contact 011,contact11@example.invalid,Operations Manager
CON012,ACC012,Contact 012,contact12@example.invalid,Operations Manager
CON013,ACC013,Contact 013,contact13@example.invalid,Operations Manager
CON014,ACC014,Contact 014,contact14@example.invalid,Operations Manager
CON015,ACC015,Contact 015,contact15@example.invalid,Operations Manager
CON016,ACC016,Contact 016,contact16@example.invalid,Operations Manager
CON017,ACC017,Contact 017,contact17@example.invalid,Operations Manager
CON018,ACC018,Contact 018,contact18@example.invalid,Operations Manager
CON019,ACC019,Contact 019,contact19@example.invalid,Operations Manager
CON020,ACC020,Contact 020,contact20@example.invalid,Operations Manager
CON021,ACC021,Contact 021,contact21@example.invalid,Operations Manager
CON022,ACC022,Contact 022,contact22@example.invalid,Operations Manager
CON023,ACC023,Contact 023,contact23@example.invalid,Operations Manager
CON024,ACC024,Contact 024,contact24@example.invalid,Operations Manager
CON025,ACC025,Contact 025,contact25@example.invalid,Operations Manager
CON026,ACC026,Contact 026,contact26@example.invalid,Operations Manager
CON027,ACC027,Contact 027,contact27@example.invalid,Operations Manager
CON028,ACC028,Contact 028,contact28@example.invalid,Operations Manager
CON029,ACC029,Contact 029,contact29@example.invalid,Operations Manager
CON030,ACC030,Contact 030,contact30@example.invalid,Operations Manager
CON031,ACC031,Contact 031,contact31@example.invalid,Operations Manager
CON032,ACC032,Contact 032,contact32@example.invalid,Operations Manager
CON033,ACC033,Contact 033,contact33@example.invalid,Operations Manager
CON034,ACC034,Contact 034,contact34@example.invalid,Operations Manager
CON035,ACC035,Contact 035,contact35@example.invalid,Operations Manager
CON036,ACC036,Contact 036,contact36@example.invalid,Operations Manager
CON037,ACC037,Contact 037,contact37@example.invalid,Operations Manager
CON038,ACC038,Contact 038,contact38@example.invalid,Operations Manager
CON039,ACC039,Contact 039,contact39@example.invalid,Operations Manager
CON040,ACC040,Contact 040,contact40@example.invalid,Operations Manager
CON041,ACC001,Contact 041,contact41@example.invalid,Operations Manager
CON042,ACC002,Contact 042,contact42@example.invalid,Operations Manager
CON043,ACC003,Contact 043,contact43@example.invalid,Operations Manager
CON044,ACC004,Contact 044,contact44@example.invalid,Operations Manager
CON045,ACC005,Contact 045,contact45@example.invalid,Operations Manager
CON046,ACC006,Contact 046,contact46@example.invalid,Operations Manager
CON047,ACC007,Contact 047,contact47@example.invalid,Operations Manager
CON048,ACC008,Contact 048,contact48@example.invalid,Operations Manager
CON049,ACC009,Contact 049,contact49@example.invalid,Operations Manager
CON050,ACC010,Contact 050,contact50@example.invalid,Operations Manager
CON051,ACC011,Contact 051,contact51@example.invalid,Operations Manager
CON052,ACC012,Contact 052,contact52@example.invalid,Operations Manager
CON053,ACC013,Contact 053,contact53@example.invalid,Operations Manager
CON054,ACC014,Contact 054,contact54@example.invalid,Operations Manager
CON055,ACC015,Contact 055,contact55@example.invalid,Operations Manager
CON056,ACC016,Contact 056,contact56@example.invalid,Operations Manager
CON057,ACC017,Contact 057,contact57@example.invalid,Operations Manager
CON058,ACC018,Contact 058,contact58@example.invalid,Operations Manager
CON059,ACC019,Contact 059,contact59@example.invalid,Operations Manager
CON060,ACC020,Contact 060,contact60@example.invalid,Operations Manager
CON061,ACC021,Contact 061,contact61@example.invalid,Operations Manager
CON062,ACC022,Contact 062,contact62@example.invalid,Operations Manager
CON063,ACC023,Contact 063,contact63@example.invalid,Operations Manager
CON064,ACC024,Contact 064,contact64@example.invalid,Operations Manager
CON065,ACC025,Contact 065,contact65@example.invalid,Operations Manager
CON066,ACC026,Contact 066,contact66@example.invalid,Operations Manager
CON067,ACC027,Contact 067,contact67@example.invalid,Operations Manager
CON068,ACC028,Contact 068,contact68@example.invalid,Operations Manager
CON069,ACC029,Contact 069,contact69@example.invalid,Operations Manager
CON070,ACC030,Contact 070,contact70@example.invalid,Operations Manager
CON071,ACC031,Contact 071,contact71@example.invalid,Operations Manager
CON072,ACC032,Contact 072,contact72@example.invalid,Operations Manager
CON073,ACC033,Contact 073,contact73@example.invalid,Operations Manager
CON074,ACC034,Contact 074,contact74@example.invalid,Operations Manager
CON075,ACC035,Contact 075,contact75@example.invalid,Operations Manager
CON076,ACC036,Contact 076,contact76@example.invalid,Operations Manager
CON077,ACC037,Contact 077,contact77@example.invalid,Operations Manager
CON078,ACC038,Contact 078,contact78@example.invalid,Operations Manager
CON079,ACC039,Contact 079,contact79@example.invalid,Operations Manager
CON080,ACC040,Contact 080,contact80@example.invalid,Operations Manager
