Name,Portfolio_ID__c,BillingCountry,Industry
Acme Corporation,A001,United States,technolgy
Betasoloin,A002,United States,medical
Betatech,A003,Kenya,medical
Bioholding,A004,Philipines,medical
Bioplex,A005,United States,medical
Blackzim,A006,United States,retail
Bluth Company,A007,United States,technolgy
Bubba Gump,A008,United States,software
Cancity,A009,United States,retail
Cheers,A010,United States,entertainment
Codehow,A011,United States,software
Condax,A012,United States,medical
Conecom,A013,United States,technolgy
Dalttechnology,A014,United States,software
dambase,A015,United States,marketing
Domzoom,A016,United States,entertainment
Doncon,A017,United States,technolgy
Donquadtech,A018,United States,technolgy
Dontechi,A019,United States,software
Donware,A020,United States,marketing
Fasehatice,A021,United States,retail
Faxquote,A022,United States,telecommunications
Finhigh,A023,United States,finance
Finjob,A024,United States,employment
Funholding,A025,United States,finance
Ganjaflex,A026,Japan,retail
Gekko & Co,A027,United States,retail
Genco Pura Olive Oil Company,A028,Italy,retail
Globex Corporation,A029,Norway,technolgy
Gogozoom,A030,United States,telecommunications
Golddex,A031,United States,finance
Goodsilron,A032,United States,marketing
Green-Plus,A033,United States,services
Groovestreet,A034,United States,retail
Hatfan,A035,United States,services
Hottechi,A036,Korea,technolgy
Initech,A037,United States,telecommunications
Inity,A038,United States,marketing
Isdom,A039,United States,medical
Iselectrics,A040,United States,technolgy
J-Texon,A041,United States,retail
Kan-code,A042,United States,software
Kinnamplus,A043,United States,retail
Konex,A044,United States,technolgy
Konmatfix,A045,United States,marketing
Labdrill,A046,United States,medical
Lexiqvolax,A047,United States,medical
Massive Dynamic,A048,United States,entertainment
Mathtouch,A049,Jordan,marketing
Nam-zim,A050,Brazil,services
Newex,A051,Germany,services
Ontomedia,A052,United States,employment
Opentech,A053,United States,finance
Plexzap,A054,United States,retail
Plusstrip,A055,United States,entertainment
Plussunin,A056,United States,retail
Rangreen,A057,Panama,technolgy
Rantouch,A058,United States,telecommunications
Ron-tech,A059,United States,medical
Rundofase,A060,United States,technolgy
Scotfind,A061,United States,software
Scottech,A062,United States,marketing
Silis,A063,United States,medical
Singletechno,A064,United States,retail
Sonron,A065,United States,telecommunications
Stanredtax,A066,United States,finance
Statholdings,A067,United States,employment
Streethex,A068,Belgium,retail
Sumace,A069,Romania,retail
Sunnamplex,A070,Poland,marketing
The New York Inquirer,A071,United States,medical
Toughzap,A072,United States,retail
Treequote,A073,United States,telecommunications
Umbrella Corporation,A074,United States,finance
Vehement Capital Partners,A075,United States,finance
Warephase,A076,United States,services
Xx-holding,A077,United States,finance
Xx-zobam,A078,United States,entertainment
Y-corporation,A079,United States,employment
Yearin,A080,United States,retail
Zathunicon,A081,United States,retail
Zencorporation,A082,China,technolgy
Zoomit,A083,United States,entertainment
Zotware,A084,United States,software
Zumgoity,A085,United States,medical
