lead_id,company,email,industry,source,status,rep_id
LEAD001,Prospect Company 001,lead1@example.invalid,Retail,Web,Qualified,REP02
LEAD002,Prospect Company 002,lead2@example.invalid,Manufacturing,Partner,Working,REP03
LEAD003,Prospect Company 003,lead3@example.invalid,Technology,Outbound,New,REP04
LEAD004,Prospect Company 004,lead4@example.invalid,Retail,Referral,Qualified,REP05
LEAD005,Prospect Company 005,lead5@example.invalid,Manufacturing,Web,Working,REP06
LEAD006,Prospect Company 006,lead6@example.invalid,Technology,Partner,New,REP07
LEAD007,Prospect Company 007,lead7@example.invalid,Retail,Outbound,Qualified,REP08
LEAD008,Prospect Company 008,lead8@example.invalid,Manufacturing,Referral,Working,REP09
LEAD009,Prospect Company 009,lead9@example.invalid,Technology,Web,New,REP10
LEAD010,Prospect Company 010,lead10@example.invalid,Retail,Partner,Qualified,REP11
LEAD011,Prospect Company 011,lead11@example.invalid,Manufacturing,Outbound,Working,REP12
LEAD012,Prospect Company 012,lead12@example.invalid,Technology,Referral,New,REP01
LEAD013,Prospect Company 013,lead13@example.invalid,Retail,Web,Qualified,REP02
LEAD014,Prospect Company 014,lead14@example.invalid,Manufacturing,Partner,Working,REP03
LEAD015,Prospect Company 015,lead15@example.invalid,Technology,Outbound,New,REP04
LEAD016,Prospect Company 016,lead16@example.invalid,Retail,Referral,Qualified,REP05
LEAD017,Prospect Company 017,lead17@example.invalid,Manufacturing,Web,Working,REP06
LEAD018,Prospect Company 018,lead18@example.invalid,Technology,Partner,New,REP07
LEAD019,Prospect Company 019,lead19@example.invalid,Retail,Outbound,Qualified,REP08
LEAD020,Prospect Company 020,lead20@example.invalid,Manufacturing,Referral,Working,REP09
LEAD021,Prospect Company 021,lead21@example.invalid,Technology,Web,New,REP10
LEAD022,Prospect Company 022,lead22@example.invalid,Retail,Partner,Qualified,REP11
LEAD023,Prospect Company 023,lead23@example.invalid,Manufacturing,Outbound,Working,REP12
LEAD024,Prospect Company 024,lead24@example.invalid,Technology,Referral,New,REP01
LEAD025,Prospect Company 025,lead25@example.invalid,Retail,Web,Qualified,REP02
LEAD026,Prospect Company 026,lead26@example.invalid,Manufacturing,Partner,Working,REP03
LEAD027,Prospect Company 027,lead27@example.invalid,Technology,Outbound,New,REP04
LEAD028,Prospect Company 028,lead28@example.invalid,Retail,Referral,Qualified,REP05
LEAD029,Prospect Company 029,lead29@example.invalid,Manufacturing,Web,Working,REP06
LEAD030,Prospect Company 030,lead30@example.invalid,Technology,Partner,New,REP07
LEAD031,Prospect Company 031,lead31@example.invalid,Retail,Outbound,Qualified,REP08
LEAD032,Prospect Company 032,lead32@example.invalid,Manufacturing,Referral,Working,REP09
LEAD033,Prospect Company 033,lead33@example.invalid,Technology,Web,New,REP10
LEAD034,Prospect Company 034,lead34@example.invalid,Retail,Partner,Qualified,REP11
LEAD035,Prospect Company 035,lead35@example.invalid,Manufacturing,Outbound,Working,REP12
LEAD036,Prospect Company 036,lead36@example.invalid,Technology,Referral,New,REP01
LEAD037,Prospect Company 037,lead37@example.invalid,Retail,Web,Qualified,REP02
LEAD038,Prospect Company 038,lead38@example.invalid,Manufacturing,Partner,Working,REP03
LEAD039,Prospect Company 039,lead39@example.invalid,Technology,Outbound,New,REP04
LEAD040,Prospect Company 040,lead40@example.invalid,Retail,Referral,Qualified,REP05
LEAD041,Prospect Company 041,lead41@example.invalid,Manufacturing,Web,Working,REP06
LEAD042,Prospect Company 042,lead42@example.invalid,Technology,Partner,New,REP07
LEAD043,Prospect Company 043,lead43@example.invalid,Retail,Outbound,Qualified,REP08
LEAD044,Prospect Company 044,lead44@example.invalid,Manufacturing,Referral,Working,REP09
LEAD045,Prospect Company 045,lead45@example.invalid,Technology,Web,New,REP10
LEAD046,Prospect Company 046,lead46@example.invalid,Retail,Partner,Qualified,REP11
LEAD047,Prospect Company 047,lead47@example.invalid,Manufacturing,Outbound,Working,REP12
LEAD048,Prospect Company 048,lead48@example.invalid,Technology,Referral,New,REP01
LEAD049,Prospect Company 049,lead49@example.invalid,Retail,Web,Qualified,REP02
LEAD050,Prospect Company 050,lead50@example.invalid,Manufacturing,Partner,Working,REP03
LEAD051,Prospect Company 051,lead51@example.invalid,Technology,Outbound,New,REP04
LEAD052,Prospect Company 052,lead52@example.invalid,Retail,Referral,Qualified,REP05
LEAD053,Prospect Company 053,lead53@example.invalid,Manufacturing,Web,Working,REP06
LEAD054,Prospect Company 054,lead54@example.invalid,Technology,Partner,New,REP07
LEAD055,Prospect Company 055,lead55@example.invalid,Retail,Outbound,Qualified,REP08
LEAD056,Prospect Company 056,lead56@example.invalid,Manufacturing,Referral,Working,REP09
LEAD057,Prospect Company 057,lead57@example.invalid,Technology,Web,New,REP10
LEAD058,Prospect Company 058,lead58@example.invalid,Retail,Partner,Qualified,REP11
LEAD059,Prospect Company 059,lead59@example.invalid,Manufacturing,Outbound,Working,REP12
LEAD060,Prospect Company 060,lead60@example.invalid,Technology,Referral,New,REP01
LEAD061,Prospect Company 061,lead61@example.invalid,Retail,Web,Qualified,REP02
LEAD062,Prospect Company 062,lead62@example.invalid,Manufacturing,Partner,Working,REP03
LEAD063,Prospect Company 063,lead63@example.invalid,Technology,Outbound,New,REP04
LEAD064,Prospect Company 064,lead64@example.invalid,Retail,Referral,Qualified,REP05
LEAD065,Prospect Company 065,lead65@example.invalid,Manufacturing,Web,Working,REP06
LEAD066,Prospect Company 066,lead66@example.invalid,Technology,Partner,New,REP07
LEAD067,Prospect Company 067,lead67@example.invalid,Retail,Outbound,Qualified,REP08
LEAD068,Prospect Company 068,lead68@example.invalid,Manufacturing,Referral,Working,REP09
LEAD069,Prospect Company 069,lead69@example.invalid,Technology,Web,New,REP10
LEAD070,Prospect Company 070,lead70@example.invalid,Retail,Partner,Qualified,REP11
LEAD071,Prospect Company 071,lead71@example.invalid,Manufacturing,Outbound,Working,REP12
LEAD072,Prospect Company 072,lead72@example.invalid,Technology,Referral,New,REP01
LEAD073,Prospect Company 073,lead73@example.invalid,Retail,Web,Qualified,REP02
LEAD074,Prospect Company 074,lead74@example.invalid,Manufacturing,Partner,Working,REP03
LEAD075,Prospect Company 075,lead75@example.invalid,Technology,Outbound,New,REP04
LEAD076,Prospect Company 076,lead76@example.invalid,Retail,Referral,Qualified,REP05
LEAD077,Prospect Company 077,lead77@example.invalid,Manufacturing,Web,Working,REP06
LEAD078,Prospect Company 078,lead78@example.invalid,Technology,Partner,New,REP07
LEAD079,Prospect Company 079,lead79@example.invalid,Retail,Outbound,Qualified,REP08
LEAD080,Prospect Company 080,lead80@example.invalid,Manufacturing,Referral,Working,REP09
LEAD081,Prospect Company 081,lead81@example.invalid,Technology,Web,New,REP10
LEAD082,Prospect Company 082,lead82@example.invalid,Retail,Partner,Qualified,REP11
LEAD083,Prospect Company 083,lead83@example.invalid,Manufacturing,Outbound,Working,REP12
LEAD084,Prospect Company 084,lead84@example.invalid,Technology,Referral,New,REP01
LEAD085,Prospect Company 085,lead85@example.invalid,Retail,Web,Qualified,REP02
LEAD086,Prospect Company 086,lead86@example.invalid,Manufacturing,Partner,Working,REP03
LEAD087,Prospect Company 087,lead87@example.invalid,Technology,Outbound,New,REP04
LEAD088,Prospect Company 088,lead88@example.invalid,Retail,Referral,Qualified,REP05
LEAD089,Prospect Company 089,lead89@example.invalid,Manufacturing,Web,Working,REP06
LEAD090,Prospect Company 090,lead90@example.invalid,Technology,Partner,New,REP07
LEAD091,Prospect Company 091,lead91@example.invalid,Retail,Outbound,Qualified,REP08
LEAD092,Prospect Company 092,lead92@example.invalid,Manufacturing,Referral,Working,REP09
LEAD093,Prospect Company 093,lead93@example.invalid,Technology,Web,New,REP10
LEAD094,Prospect Company 094,lead94@example.invalid,Retail,Partner,Qualified,REP11
LEAD095,Prospect Company 095,lead95@example.invalid,Manufacturing,Outbound,Working,REP12
LEAD096,Prospect Company 096,lead96@example.invalid,Technology,Referral,New,REP01
LEAD097,Prospect Company 097,lead97@example.invalid,Retail,Web,Qualified,REP02
LEAD098,Prospect Company 098,lead98@example.invalid,Manufacturing,Partner,Working,REP03
LEAD099,Prospect Company 099,lead99@example.invalid,Technology,Outbound,New,REP04
LEAD100,Prospect Company 100,lead100@example.invalid,Retail,Referral,Qualified,REP05
LEAD101,Prospect Company 101,lead101@example.invalid,Manufacturing,Web,Working,REP06
LEAD102,Prospect Company 102,lead102@example.invalid,Technology,Partner,New,REP07
LEAD103,Prospect Company 103,lead103@example.invalid,Retail,Outbound,Qualified,REP08
LEAD104,Prospect Company 104,lead104@example.invalid,Manufacturing,Referral,Working,REP09
LEAD105,Prospect Company 105,lead105@example.invalid,Technology,Web,New,REP10
LEAD106,Prospect Company 106,lead106@example.invalid,Retail,Partner,Qualified,REP11
LEAD107,Prospect Company 107,lead107@example.invalid,Manufacturing,Outbound,Working,REP12
LEAD108,Prospect Company 108,lead108@example.invalid,Technology,Referral,New,REP01
LEAD109,Prospect Company 109,lead109@example.invalid,Retail,Web,Qualified,REP02
LEAD110,Prospect Company 110,lead110@example.invalid,Manufacturing,Partner,Working,REP03
LEAD111,Prospect Company 111,lead111@example.invalid,Technology,Outbound,New,REP04
LEAD112,Prospect Company 112,lead112@example.invalid,Retail,Referral,Qualified,REP05
LEAD113,Prospect Company 113,lead113@example.invalid,Manufacturing,Web,Working,REP06
LEAD114,Prospect Company 114,lead114@example.invalid,Technology,Partner,New,REP07
LEAD115,Prospect Company 115,lead115@example.invalid,Retail,Outbound,Qualified,REP08
LEAD116,Prospect Company 116,lead116@example.invalid,Manufacturing,Referral,Working,REP09
LEAD117,Prospect Company 117,lead117@example.invalid,Technology,Web,New,REP10
LEAD118,Prospect Company 118,lead118@example.invalid,Retail,Partner,Qualified,REP11
LEAD119,Prospect Company 119,lead119@example.invalid,Manufacturing,Outbound,Working,REP12
LEAD120,Prospect Company 120,lead120@example.invalid,Technology,Referral,New,REP01
LEAD121,Prospect Company 121,lead121@example.invalid,Retail,Web,Qualified,REP02
LEAD122,Prospect Company 122,lead122@example.invalid,Manufacturing,Partner,Working,REP03
LEAD123,Prospect Company 123,lead123@example.invalid,Technology,Outbound,New,REP04
LEAD124,Prospect Company 124,lead124@example.invalid,Retail,Referral,Qualified,REP05
LEAD125,Prospect Company 125,lead125@example.invalid,Manufacturing,Web,Working,REP06
LEAD126,Prospect Company 126,lead126@example.invalid,Technology,Partner,New,REP07
LEAD127,Prospect Company 127,lead127@example.invalid,Retail,Outbound,Qualified,REP08
LEAD128,Prospect Company 128,lead128@example.invalid,Manufacturing,Referral,Working,REP09
LEAD129,Prospect Company 129,lead129@example.invalid,Technology,Web,New,REP10
LEAD130,Prospect Company 130,lead130@example.invalid,Retail,Partner,Qualified,REP11
LEAD131,Prospect Company 131,lead131@example.invalid,Manufacturing,Outbound,Working,REP12
LEAD132,Prospect Company 132,lead132@example.invalid,Technology,Referral,New,REP01
LEAD133,Prospect Company 133,lead133@example.invalid,Retail,Web,Qualified,REP02
LEAD134,Prospect Company 134,lead134@example.invalid,Manufacturing,Partner,Working,REP03
LEAD135,Prospect Company 135,lead135@example.invalid,Technology,Outbound,New,REP04
LEAD136,Prospect Company 136,lead136@example.invalid,Retail,Referral,Qualified,REP05
LEAD137,Prospect Company 137,lead137@example.invalid,Manufacturing,Web,Working,REP06
LEAD138,Prospect Company 138,lead138@example.invalid,Technology,Partner,New,REP07
LEAD139,Prospect Company 139,lead139@example.invalid,Retail,Outbound,Qualified,REP08
LEAD140,Prospect Company 140,lead140@example.invalid,Manufacturing,Referral,Working,REP09
LEAD141,Prospect Company 141,lead141@example.invalid,Technology,Web,New,REP10
LEAD142,Prospect Company 142,lead142@example.invalid,Retail,Partner,Qualified,REP11
LEAD143,Prospect Company 143,lead143@example.invalid,Manufacturing,Outbound,Working,REP12
LEAD144,Prospect Company 144,lead144@example.invalid,Technology,Referral,New,REP01
LEAD145,Prospect Company 145,lead145@example.invalid,Retail,Web,Qualified,REP02
LEAD146,Prospect Company 146,lead146@example.invalid,Manufacturing,Partner,Working,REP03
LEAD147,Prospect Company 147,lead147@example.invalid,Technology,Outbound,New,REP04
LEAD148,Prospect Company 148,lead148@example.invalid,Retail,Referral,Qualified,REP05
LEAD149,Prospect Company 149,lead149@example.invalid,Manufacturing,Web,Working,REP06
LEAD150,Prospect Company 150,lead150@example.invalid,Technology,Partner,New,REP07
