rep_id,rep,region,target,commission_rate,actual,achievement,won_deals,closed_deals,win_rate,payout
R001,Anna Snelling,Central,500000,0.05,275056.0,0.550112,208,336,0.6190476190476191,13752.8
R002,Cecily Lampkin,Central,500000,0.05,229800.0,0.4596,107,160,0.66875,11490.0
R003,Versie Hillebrand,Central,500000,0.05,187693.0,0.375386,176,264,0.6666666666666666,9384.65
R004,Lajuana Vencill,Central,500000,0.05,194632.0,0.389264,127,231,0.5497835497835498,9731.6
R005,Moses Frase,Central,500000,0.05,207182.0,0.414364,129,195,0.6615384615384615,10359.1
R006,Jonathan Berthelot,Central,500000,0.05,284886.0,0.569772,171,264,0.6477272727272727,14244.3
R007,Marty Freudenburg,Central,500000,0.05,291195.0,0.58239,122,194,0.6288659793814433,14559.75
R008,Gladys Colclough,Central,500000,0.05,345674.0,0.691348,135,232,0.5818965517241379,17283.7
R009,Niesha Huffines,Central,500000,0.05,176961.0,0.353922,105,175,0.6,8848.05
R010,Darcel Schlecht,Central,500000,0.05,1153214.0,2.306428,349,553,0.6311030741410488,57660.7
R011,Mei-Mei Johns,Central,500000,0.05,0,0.0,0,0,,0.0
R012,Violet Mclelland,East,500000,0.05,123431.0,0.246862,122,193,0.6321243523316062,6171.55
R013,Corliss Cosme,East,500000,0.05,421036.0,0.842072,150,229,0.6550218340611353,21051.8
R014,Rosie Papadopoulos,East,500000,0.05,230169.0,0.460338,78,121,0.6446280991735537,11508.45
R015,Garret Kinder,East,500000,0.05,197773.0,0.395546,75,123,0.6097560975609756,9888.65
R016,Wilburn Farren,East,500000,0.05,157640.0,0.31528,55,79,0.6962025316455697,7882.0
R017,Elizabeth Anderson,East,500000,0.05,0,0.0,0,0,,0.0
R018,Daniell Hammack,East,500000,0.05,364229.0,0.728458,114,187,0.6096256684491979,18211.45
R019,Cassey Cress,East,500000,0.05,450489.0,0.900978,163,261,0.6245210727969349,22524.45
R020,Donn Cantrell,East,500000,0.05,445860.0,0.89172,158,275,0.5745454545454546,22293.0
R021,Reed Clapper,East,500000,0.05,438336.0,0.876672,155,237,0.6540084388185654,21916.8
R022,Boris Faz,East,500000,0.05,261631.0,0.523262,101,153,0.6601307189542484,13081.55
R023,Natalya Ivanova,East,500000,0.05,0,0.0,0,0,,0.0
R024,Vicki Laflamme,West,500000,0.05,478396.0,0.956792,221,347,0.6368876080691642,23919.8
R025,Rosalina Dieter,West,500000,0.05,235403.0,0.470806,72,110,0.6545454545454545,11770.15
R026,Hayden Neloms,West,500000,0.05,272111.0,0.544222,107,152,0.7039473684210527,13605.55
R027,Markita Hansen,West,500000,0.05,328792.0,0.657584,130,227,0.5726872246696035,16439.6
R028,Elease Gluck,West,500000,0.05,289195.0,0.57839,80,126,0.6349206349206349,14459.75
R029,Carol Thompson,West,500000,0.05,0,0.0,0,0,,0.0
R030,James Ascencio,West,500000,0.05,413533.0,0.827066,135,206,0.6553398058252428,20676.65
R031,Kary Hendrixson,West,500000,0.05,454298.0,0.908596,209,335,0.6238805970149254,22714.9
R032,Kami Bicknell,West,500000,0.05,316456.0,0.632912,174,272,0.6397058823529411,15822.8
R033,Zane Levy,West,500000,0.05,430068.0,0.860136,161,261,0.6168582375478927,21503.4
R034,Maureen Marcano,West,500000,0.05,350395.0,0.70079,149,213,0.6995305164319249,17519.75
R035,Carl Lin,West,500000,0.05,0,0.0,0,0,,0.0
