Name,Portfolio_ID__c,Account_Portfolio_ID,Rep_Portfolio_ID,StageName,Amount,CloseDate,Region__c,Product__c
00ZD3M4J,00ZD3M4J,A056,R021,Closed Lost,0.0,2017-07-04,East,GTX Pro
073UCD9F,073UCD9F,A003,R008,Closed Lost,0.0,2017-12-10,Central,MG Special
0GJ586J0,0GJ586J0,A070,R027,Closed Lost,0.0,2017-03-14,West,MG Special
0N2VYY6Z,0N2VYY6Z,A046,R027,Closed Lost,0.0,2017-09-19,West,GTX Basic
0SSUR0IY,0SSUR0IY,A036,R031,Closed Lost,0.0,2017-11-14,West,GTX Basic
0YPN92QB,0YPN92QB,A079,R025,Closed Lost,0.0,2017-07-10,West,MG Special
15PJZKNT,15PJZKNT,A066,R008,Closed Lost,0.0,2017-08-31,Central,GTX Pro
1F8MPXZQ,1F8MPXZQ,A066,R003,Closed Lost,0.0,2017-07-13,Central,MG Advanced
1OZWGQK9,1OZWGQK9,A017,R033,Closed Lost,0.0,2017-04-25,West,MG Special
1V3IQVOF,1V3IQVOF,A059,R008,Closed Lost,0.0,2017-08-02,Central,GTX Plus Basic
20QTAZ1L,20QTAZ1L,A047,R033,Closed Lost,0.0,2017-05-23,West,MG Special
2AMVTZLM,2AMVTZLM,A028,R007,Closed Lost,0.0,2017-08-01,Central,MG Special
2GN2TRVV,2GN2TRVV,A073,R006,Closed Lost,0.0,2017-08-23,Central,GTX Basic
2L5ZWLI7,2L5ZWLI7,A002,R019,Closed Lost,0.0,2017-05-25,East,GTX Plus Basic
2PCPSBP9,2PCPSBP9,A001,R021,Closed Lost,0.0,2017-05-08,East,GTX Basic
2YBEN3MV,2YBEN3MV,A033,R031,Closed Lost,0.0,2017-09-08,West,GTX Plus Basic
31NQQEEO,31NQQEEO,A053,R019,Closed Lost,0.0,2017-09-11,East,GTX Basic
3BQTRX5Y,3BQTRX5Y,A022,R032,Closed Lost,0.0,2017-05-26,West,GTX Pro
3F2EMUQ7,3F2EMUQ7,A061,R031,Closed Lost,0.0,2017-10-11,West,GTX Plus Basic
3MGMH9AE,3MGMH9AE,A066,R008,Closed Lost,0.0,2017-10-24,Central,MG Advanced
3VKO28KR,3VKO28KR,A062,R010,Closed Lost,0.0,2017-05-04,Central,MG Advanced
408AHOYL,408AHOYL,A064,R026,Closed Lost,0.0,2017-07-03,West,MG Advanced
4DUMR5WD,4DUMR5WD,A084,R016,Closed Lost,0.0,2017-04-09,East,GTX Plus Pro
4IVW7F68,4IVW7F68,A018,R013,Closed Lost,0.0,2017-07-31,East,GTX Pro
4R1NMA9E,4R1NMA9E,A064,R027,Closed Lost,0.0,2017-05-17,West,GTX Basic
4U431MNA,4U431MNA,A015,R004,Closed Lost,0.0,2017-05-11,Central,MG Special
52FDATJV,52FDATJV,A010,R030,Closed Lost,0.0,2017-08-24,West,GTX Pro
58J6HCYK,58J6HCYK,A079,R033,Closed Lost,0.0,2017-06-05,West,GTX Basic
5B9EIYPP,5B9EIYPP,A020,R020,Closed Lost,0.0,2017-11-29,East,GTX Pro
5FG7S674,5FG7S674,A082,R014,Closed Lost,0.0,2017-08-14,East,MG Special
5LHNRZD3,5LHNRZD3,A068,R004,Closed Lost,0.0,2017-04-21,Central,MG Advanced
5QU60VGE,5QU60VGE,A024,R032,Closed Lost,0.0,2017-03-12,West,GTX Basic
62JLAD45,62JLAD45,A072,R009,Closed Lost,0.0,2017-11-28,Central,MG Special
6ALPIXB7,6ALPIXB7,A020,R019,Closed Lost,0.0,2017-11-29,East,GTX Plus Basic
6ER2KL7X,6ER2KL7X,A012,R024,Closed Lost,0.0,2017-04-14,West,MG Advanced
6KM4E0V1,6KM4E0V1,A038,R010,Closed Lost,0.0,2017-11-19,Central,GTX Plus Pro
6RL97BR9,6RL97BR9,A038,R005,Closed Lost,0.0,2017-05-08,Central,MG Special
6YMJLH2F,6YMJLH2F,A023,R001,Closed Lost,0.0,2017-08-07,Central,GTX Plus Pro
75HKH8PS,75HKH8PS,A025,R001,Closed Lost,0.0,2017-09-30,Central,GTX Plus Basic
79IN4OVP,79IN4OVP,A001,R019,Closed Lost,0.0,2017-08-01,East,GTX Basic
7I7BZHHT,7I7BZHHT,A062,R007,Closed Lost,0.0,2017-05-29,Central,MG Advanced
7QGG2LO3,7QGG2LO3,A077,R031,Closed Lost,0.0,2017-05-25,West,GTX Pro
7XL4JYSB,7XL4JYSB,A006,R031,Closed Lost,0.0,2017-11-24,West,MG Advanced
84D18IA1,84D18IA1,A001,R012,Closed Lost,0.0,2017-08-01,East,MG Special
88PIK8A6,88PIK8A6,A043,R012,Closed Lost,0.0,2017-10-08,East,MG Special
8C2WG2FB,8C2WG2FB,A036,R033,Closed Lost,0.0,2017-03-28,West,MG Advanced
8GISH3I9,8GISH3I9,A043,R015,Closed Lost,0.0,2017-06-27,East,MG Special
8LFNU39A,8LFNU39A,A013,R007,Closed Lost,0.0,2017-05-28,Central,GTX Basic
8S649LDO,8S649LDO,A042,R022,Closed Lost,0.0,2017-05-27,East,GTX Pro
8YOOE8I5,8YOOE8I5,A074,R012,Closed Lost,0.0,2017-11-24,East,GTX Basic
96BSG7R1,96BSG7R1,A070,R033,Closed Lost,0.0,2017-03-17,West,GTX Plus Basic
9BGKQZ3H,9BGKQZ3H,A016,R001,Closed Lost,0.0,2017-04-03,Central,MG Special
9GCJGVY7,9GCJGVY7,A026,R014,Closed Lost,0.0,2017-03-02,East,GTX Pro
9L6ADU5C,9L6ADU5C,A078,R013,Closed Lost,0.0,2017-05-11,East,MG Advanced
9S749GJD,9S749GJD,A007,R012,Closed Lost,0.0,2017-07-05,East,MG Advanced
9YOGUMN9,9YOGUMN9,A060,R010,Closed Lost,0.0,2017-10-24,Central,GTX Pro
A7FCLQ42,A7FCLQ42,A023,R007,Closed Lost,0.0,2017-12-15,Central,MG Advanced
AGZ87JFX,AGZ87JFX,A057,R005,Closed Lost,0.0,2017-08-01,Central,GTX Basic
AMGF31TA,AMGF31TA,A067,R008,Closed Lost,0.0,2017-09-05,Central,MG Special
AVD2WQZY,AVD2WQZY,A069,R013,Closed Lost,0.0,2017-06-11,East,GTX Pro
AZZEZKBN,AZZEZKBN,A012,R001,Closed Lost,0.0,2017-05-18,Central,GTX Plus Pro
B7WWPCO6,B7WWPCO6,A030,R002,Closed Lost,0.0,2017-07-23,Central,GTX Basic
BEELPVP0,BEELPVP0,A062,R005,Closed Lost,0.0,2017-08-15,Central,MG Special
BO2XRLBS,BO2XRLBS,A059,R005,Closed Lost,0.0,2017-11-16,Central,MG Special
BWRNVTNR,BWRNVTNR,A049,R019,Closed Lost,0.0,2017-08-02,East,GTX Basic
C2RL3DUQ,C2RL3DUQ,A004,R005,Closed Lost,0.0,2017-08-09,Central,MG Advanced
CD5B8P8U,CD5B8P8U,A036,R033,Closed Lost,0.0,2017-10-19,West,MG Advanced
CJ05Q2G5,CJ05Q2G5,A046,R025,Closed Lost,0.0,2017-07-11,West,GTX Basic
CO6JN5NH,CO6JN5NH,A033,R030,Closed Lost,0.0,2017-08-22,West,GTX Basic
CSJKVMR9,CSJKVMR9,A079,R030,Closed Lost,0.0,2017-11-16,West,GTX Basic
CZC1J6FQ,CZC1J6FQ,A009,R008,Closed Lost,0.0,2017-10-24,Central,GTX Plus Pro
D5YLWCFW,D5YLWCFW,A028,R008,Closed Lost,0.0,2017-05-02,Central,GTX Plus Basic
DDP76LIP,DDP76LIP,A035,R033,Closed Lost,0.0,2017-05-26,West,MG Special
DHUG18WU,DHUG18WU,A065,R028,Closed Lost,0.0,2017-10-30,West,GTX Plus Pro
DOVFYIIO,DOVFYIIO,A048,R020,Closed Lost,0.0,2017-07-30,East,GTX Pro
DTSCBNCX,DTSCBNCX,A018,R012,Closed Lost,0.0,2017-08-12,East,GTX Plus Basic
DY5RYWTV,DY5RYWTV,A046,R034,Closed Lost,0.0,2017-08-20,West,GTX Plus Basic
E41SDK40,E41SDK40,A009,R008,Closed Lost,0.0,2017-09-15,Central,GTX Basic
EAZDUUM9,EAZDUUM9,A084,R014,Closed Lost,0.0,2017-03-01,East,MG Advanced
EJ8YBRD3,EJ8YBRD3,A044,R013,Closed Lost,0.0,2017-11-03,East,GTX Basic
ESZPH44N,ESZPH44N,A049,R012,Closed Lost,0.0,2017-12-19,East,GTX Pro
F0XGEQOE,F0XGEQOE,A042,R019,Closed Lost,0.0,2017-11-25,East,MG Advanced
FB7OTAMV,FB7OTAMV,A076,R006,Closed Lost,0.0,2017-12-22,Central,GTX Pro
FHLOUD3V,FHLOUD3V,A065,R024,Closed Lost,0.0,2017-05-24,West,MG Special
FQW15KC4,FQW15KC4,A027,R019,Closed Lost,0.0,2017-05-20,East,MG Advanced
FW7QS11M,FW7QS11M,A031,R034,Closed Lost,0.0,2017-11-07,West,MG Special
G289FPBV,G289FPBV,A067,R004,Closed Lost,0.0,2017-10-31,Central,MG Special
G67668KN,G67668KN,A064,R033,Closed Lost,0.0,2017-05-16,West,GTX Plus Pro
GAH11YHT,GAH11YHT,A044,R022,Closed Lost,0.0,2017-05-20,East,MG Advanced
GG8XQD8Z,GG8XQD8Z,A009,R003,Closed Lost,0.0,2017-08-12,Central,MG Special
GNENBXRW,GNENBXRW,A035,R025,Closed Lost,0.0,2017-05-17,West,MG Special
GUDTJY0I,GUDTJY0I,A023,R010,Closed Lost,0.0,2017-12-14,Central,MG Advanced
H06UZJH8,H06UZJH8,A055,R031,Closed Lost,0.0,2017-05-08,West,MG Special
H7P5O25G,H7P5O25G,A025,R005,Closed Lost,0.0,2017-11-20,Central,MG Advanced
HG5P21RO,HG5P21RO,A030,R004,Closed Lost,0.0,2017-05-08,Central,MG Advanced
HPBCTTV3,HPBCTTV3,A057,R002,Closed Lost,0.0,2017-07-04,Central,MG Advanced
HUFYU0AT,HUFYU0AT,A066,R006,Closed Lost,0.0,2017-05-24,Central,GTX Basic
I19TOSXS,I19TOSXS,A073,R004,Closed Lost,0.0,2017-04-06,Central,GTX Basic
IBDEQVBN,IBDEQVBN,A022,R031,Closed Lost,0.0,2017-03-28,West,GTX Basic
IFTZ75Z9,IFTZ75Z9,A046,R031,Closed Lost,0.0,2017-12-03,West,GTX Plus Basic
IQ8MEPW9,IQ8MEPW9,A001,R021,Closed Lost,0.0,2017-05-24,East,GTX Pro
IWQP4M72,IWQP4M72,A004,R006,Closed Lost,0.0,2017-08-29,Central,GTX Plus Basic
J47DPNB5,J47DPNB5,A054,R031,Closed Lost,0.0,2017-08-03,West,GTX Plus Pro
JCIKEHD8,JCIKEHD8,A040,R012,Closed Lost,0.0,2017-11-09,East,GTX Plus Basic
JNKDEAG9,JNKDEAG9,A012,R008,Closed Lost,0.0,2017-04-19,Central,GTX Plus Pro
JTDV6H65,JTDV6H65,A073,R010,Closed Lost,0.0,2017-05-08,Central,MG Advanced
JY8W2PKW,JY8W2PKW,A028,R008,Closed Lost,0.0,2017-12-15,Central,MG Advanced
K4GL9NDX,K4GL9NDX,A015,R006,Closed Lost,0.0,2017-12-17,Central,GTX Plus Basic
KCTYAQOR,KCTYAQOR,A068,R008,Closed Lost,0.0,2017-08-07,Central,GTX Pro
KJXB9Q7O,KJXB9Q7O,A023,R003,Closed Lost,0.0,2017-05-24,Central,MG Special
KOI7M0RU,KOI7M0RU,A045,R006,Closed Lost,0.0,2017-08-15,Central,GTX Basic
KV1EXWQG,KV1EXWQG,A059,R001,Closed Lost,0.0,2017-08-03,Central,GTX Plus Basic
L20NI94X,L20NI94X,A077,R025,Closed Lost,0.0,2017-06-05,West,MG Advanced
L65X2CDL,L65X2CDL,A036,R006,Closed Lost,0.0,2017-11-12,Central,GTX Pro
LE3XYXEF,LE3XYXEF,A026,R021,Closed Lost,0.0,2017-12-25,East,GTX Plus Basic
LKMZWCKQ,LKMZWCKQ,A025,R008,Closed Lost,0.0,2017-09-06,Central,GTX Pro
LS2A22IA,LS2A22IA,A029,R004,Closed Lost,0.0,2017-10-21,Central,GTX Basic
M16WB7N8,M16WB7N8,A076,R001,Closed Lost,0.0,2017-08-01,Central,GTX Plus Pro
M9N3HWGC,M9N3HWGC,A083,R030,Closed Lost,0.0,2017-12-24,West,GTX Basic
MFO940S8,MFO940S8,A023,R010,Closed Lost,0.0,2017-08-24,Central,MG Special
MMVGTXDB,MMVGTXDB,A055,R030,Closed Lost,0.0,2017-08-30,West,MG Special
MW4MSIWW,MW4MSIWW,A076,R010,Closed Lost,0.0,2017-10-14,Central,GTX Pro
N4PVP6C0,N4PVP6C0,A037,R020,Closed Lost,0.0,2017-04-03,East,GTX Basic
N8NQK8K7,N8NQK8K7,A014,R033,Closed Lost,0.0,2017-08-22,West,GTX Pro
NF6GCTMV,NF6GCTMV,A026,R018,Closed Lost,0.0,2017-03-22,East,MG Advanced
NMF60XWK,NMF60XWK,A009,R001,Closed Lost,0.0,2017-10-13,Central,MG Special
NYPU55W4,NYPU55W4,A042,R030,Closed Lost,0.0,2017-11-01,West,GTX Pro
O5OCDKVH,O5OCDKVH,A084,R013,Closed Lost,0.0,2017-04-11,East,GTX Plus Basic
OCHUEK3V,OCHUEK3V,A044,R027,Closed Lost,0.0,2017-05-19,West,GTX Plus Basic
OJWV4RT2,OJWV4RT2,A044,R031,Closed Lost,0.0,2017-07-09,West,GTX Basic
OS59LIZX,OS59LIZX,A041,R024,Closed Lost,0.0,2017-10-26,West,GTX Pro
P05J08B4,P05J08B4,A003,R006,Closed Lost,0.0,2017-05-20,Central,GTX Pro
P8GXMSXL,P8GXMSXL,A059,R005,Closed Lost,0.0,2017-08-28,Central,MG Advanced
PEPOKEFV,PEPOKEFV,A009,R001,Closed Lost,0.0,2017-08-01,Central,GTX Plus Basic
PJKAJVUG,PJKAJVUG,A019,R010,Closed Lost,0.0,2017-05-04,Central,GTX Basic
PRY70ISY,PRY70ISY,A036,R006,Closed Lost,0.0,2017-12-04,Central,GTX Basic
PZ6TGFY6,PZ6TGFY6,A063,R020,Closed Lost,0.0,2017-05-07,East,GTX Basic
Q5R1PYJS,Q5R1PYJS,A004,R010,Closed Lost,0.0,2017-09-11,Central,GTX Pro
QB4FISNE,QB4FISNE,A007,R012,Closed Lost,0.0,2017-08-27,East,MG Special
QKOAWRXD,QKOAWRXD,A019,R008,Closed Lost,0.0,2017-07-17,Central,GTX Basic
QSCVBJNJ,QSCVBJNJ,A001,R016,Closed Lost,0.0,2017-11-23,East,GTX Pro
QYYOVTHC,QYYOVTHC,A074,R022,Closed Lost,0.0,2017-10-19,East,GTX Plus Basic
R2CS85YJ,R2CS85YJ,A034,R031,Closed Lost,0.0,2017-04-13,West,GTX Basic
R8X2RVQ2,R8X2RVQ2,A075,R013,Closed Lost,0.0,2017-07-15,East,GTX Pro
RGZHQ2MJ,RGZHQ2MJ,A085,R003,Closed Lost,0.0,2017-09-05,Central,MG Special
RNTOJ78L,RNTOJ78L,A035,R025,Closed Lost,0.0,2017-03-13,West,MG Special
RU3HH59R,RU3HH59R,A082,R012,Closed Lost,0.0,2017-10-28,East,GTX Basic
S181FZ0Y,S181FZ0Y,A084,R013,Closed Lost,0.0,2017-10-16,East,GTX Basic
S8DOH11H,S8DOH11H,A026,R013,Closed Lost,0.0,2017-11-14,East,GTX Pro
SF3KBDJF,SF3KBDJF,A063,R018,Closed Lost,0.0,2017-08-18,East,GTX Pro
SKU6MLKY,SKU6MLKY,A078,R014,Closed Lost,0.0,2017-11-11,East,MG Special
SRFVQ0HG,SRFVQ0HG,A011,R005,Closed Lost,0.0,2017-03-24,Central,GTX Plus Basic
SY6BWRRO,SY6BWRRO,A075,R022,Closed Lost,0.0,2017-08-14,East,GTX Pro
T58F1T8V,T58F1T8V,A001,R012,Closed Lost,0.0,2017-10-08,East,MG Special
TCSQO748,TCSQO748,A010,R024,Closed Lost,0.0,2017-05-11,West,GTX Pro
TJ6ZA1M3,TJ6ZA1M3,A014,R031,Closed Lost,0.0,2017-03-07,West,GTX Basic
TO7PGVP1,TO7PGVP1,A033,R028,Closed Lost,0.0,2017-03-29,West,GTX Plus Pro
TYSORYA9,TYSORYA9,A018,R020,Closed Lost,0.0,2017-05-07,East,GTX Basic
U43RA5W8,U43RA5W8,A052,R020,Closed Lost,0.0,2017-05-30,East,GTX Pro
UCLGT98S,UCLGT98S,A013,R009,Closed Lost,0.0,2017-10-30,Central,GTX Basic
UO4KXDBC,UO4KXDBC,A058,R025,Closed Lost,0.0,2017-05-23,West,MG Special
UWK0KA56,UWK0KA56,A066,R008,Closed Lost,0.0,2017-04-05,Central,MG Advanced
V0V6O05H,V0V6O05H,A012,R010,Closed Lost,0.0,2017-07-07,Central,GTX Pro
V7DY5VAP,V7DY5VAP,A011,R008,Closed Lost,0.0,2017-10-24,Central,MG Special
VD94D677,VD94D677,A034,R024,Closed Lost,0.0,2017-04-29,West,MG Special
VIHXI2JA,VIHXI2JA,A044,R027,Closed Lost,0.0,2017-07-14,West,GTX Plus Basic
VORZHQ40,VORZHQ40,A030,R010,Closed Lost,0.0,2017-04-30,Central,GTX Pro
W07JMUG9,W07JMUG9,A042,R018,Closed Lost,0.0,2017-07-01,East,MG Advanced
W7GVI03S,W7GVI03S,A055,R025,Closed Lost,0.0,2017-12-02,West,MG Special
WGI2GSKJ,WGI2GSKJ,A041,R026,Closed Lost,0.0,2017-05-27,West,GTX Plus Basic
WP6SUIMC,WP6SUIMC,A063,R019,Closed Lost,0.0,2017-07-15,East,MG Advanced
X1LAD57Y,X1LAD57Y,A052,R015,Closed Lost,0.0,2017-03-04,East,GTX Plus Pro
X96KGPI8,X96KGPI8,A067,R006,Closed Lost,0.0,2017-11-19,Central,GTX Basic
XLKL4EI0,XLKL4EI0,A002,R016,Closed Lost,0.0,2017-04-10,East,GTX Basic
XSWTUMGY,XSWTUMGY,A021,R034,Closed Lost,0.0,2017-08-13,West,GTX Basic
XYZ39YT2,XYZ39YT2,A003,R002,Closed Lost,0.0,2017-04-19,Central,MG Special
YA822MOB,YA822MOB,A079,R030,Closed Lost,0.0,2017-08-22,West,GTX Plus Pro
YH6ST9KT,YH6ST9KT,A073,R010,Closed Lost,0.0,2017-08-31,Central,MG Special
YO32O3T9,YO32O3T9,A047,R033,Closed Lost,0.0,2017-05-28,West,GTX Pro
YTMPHIQY,YTMPHIQY,A026,R012,Closed Lost,0.0,2017-08-30,East,MG Advanced
Z353E8FR,Z353E8FR,A012,R015,Closed Lost,0.0,2017-04-30,East,MG Advanced
ZE1ZKD7Q,ZE1ZKD7Q,A067,R010,Closed Lost,0.0,2017-04-12,Central,MG Special
ZNNBFAKF,ZNNBFAKF,A079,R033,Closed Lost,0.0,2017-05-10,West,GTX Pro
ZUSDWKSM,ZUSDWKSM,A026,R013,Closed Lost,0.0,2017-07-29,East,GTX Pro
ZY3AVAK0,ZY3AVAK0,A079,R033,Closed Lost,0.0,2017-08-22,West,MG Special
02G0NJCN,02G0NJCN,A077,R024,Closed Won,68.0,2017-10-26,West,MG Special
04YBYVPV,04YBYVPV,A026,R021,Closed Won,4649.0,2017-09-02,East,GTX Pro
086279IX,086279IX,A042,R031,Closed Won,4369.0,2017-06-14,West,GTX Pro
0AJ6LTZ0,0AJ6LTZ0,A031,R032,Closed Won,622.0,2017-03-14,West,GTX Basic
0EOFVU05,0EOFVU05,A052,R020,Closed Won,3421.0,2017-03-28,East,MG Advanced
0LTBCZHI,0LTBCZHI,A073,R009,Closed Won,3902.0,2017-11-30,Central,MG Advanced
0OXJ2HOP,0OXJ2HOP,A014,R027,Closed Won,4058.0,2017-11-11,West,MG Advanced
0TUS4NAC,0TUS4NAC,A057,R006,Closed Won,51.0,2017-03-11,Central,MG Special
0WRMY7IX,0WRMY7IX,A056,R012,Closed Won,1146.0,2017-04-28,East,GTX Plus Basic
0Z2CQ0MQ,0Z2CQ0MQ,A065,R032,Closed Won,453.0,2017-03-28,West,GTX Basic
12HOWQMI,12HOWQMI,A042,R015,Closed Won,5203.0,2017-10-07,East,GTX Pro
185PGG0J,185PGG0J,A073,R001,Closed Won,44.0,2017-07-17,Central,MG Special
1C1I7A6R,1C1I7A6R,A009,R005,Closed Won,1054.0,2017-03-01,Central,GTX Plus Basic
1H2PVLZ3,1H2PVLZ3,A077,R025,Closed Won,26186.0,2017-11-10,West,GTK 500
1LLRNE8G,1LLRNE8G,A042,R034,Closed Won,990.0,2017-09-22,West,GTX Plus Basic
1QWG9VM6,1QWG9VM6,A035,R033,Closed Won,4272.0,2017-04-22,West,GTX Pro
1UPVYK3H,1UPVYK3H,A015,R007,Closed Won,64.0,2017-10-26,Central,MG Special
1XO519P4,1XO519P4,A028,R010,Closed Won,54.0,2017-12-30,Central,MG Special
21PRD9FN,21PRD9FN,A020,R015,Closed Won,5022.0,2017-05-15,East,GTX Pro
27UN3UX8,27UN3UX8,A052,R019,Closed Won,5112.0,2017-06-09,East,GTX Plus Pro
2DT70XCQ,2DT70XCQ,A056,R020,Closed Won,450.0,2017-11-08,East,GTX Basic
2GQH9FKJ,2GQH9FKJ,A015,R010,Closed Won,4790.0,2017-08-09,Central,GTX Pro
2KWQ6RAZ,2KWQ6RAZ,A009,R001,Closed Won,60.0,2017-12-18,Central,MG Special
2QHRL8CW,2QHRL8CW,A066,R005,Closed Won,404.0,2017-05-28,Central,GTX Basic
2UZXS1I2,2UZXS1I2,A074,R014,Closed Won,4787.0,2017-09-01,East,GTX Pro
2ZEFCKS3,2ZEFCKS3,A060,R009,Closed Won,4835.0,2017-09-01,Central,GTX Pro
34YT99YN,34YT99YN,A014,R024,Closed Won,6094.0,2017-08-23,West,GTX Plus Pro
38C7HEG6,38C7HEG6,A060,R006,Closed Won,1080.0,2017-11-01,Central,GTX Plus Basic
3CS2IXT0,3CS2IXT0,A013,R003,Closed Won,66.0,2017-11-16,Central,MG Special
3H80RIHV,3H80RIHV,A065,R032,Closed Won,5491.0,2017-05-10,West,GTX Plus Pro
3L8ECZK8,3L8ECZK8,A029,R003,Closed Won,3038.0,2017-09-27,Central,MG Advanced
3O7PIS8O,3O7PIS8O,A076,R010,Closed Won,3665.0,2017-04-09,Central,MG Advanced
3R8PJCCW,3R8PJCCW,A006,R031,Closed Won,2868.0,2017-09-03,West,MG Advanced
3VPQNW5Y,3VPQNW5Y,A010,R030,Closed Won,1007.0,2017-12-31,West,GTX Plus Basic
3Z5NBGAT,3Z5NBGAT,A066,R002,Closed Won,50.0,2017-07-23,Central,MG Special
43FW6W9O,43FW6W9O,A070,R024,Closed Won,3966.0,2017-11-04,West,MG Advanced
48FB5MD2,48FB5MD2,A073,R002,Closed Won,66.0,2017-07-05,Central,MG Special
4BPA17HF,4BPA17HF,A083,R034,Closed Won,628.0,2017-05-28,West,GTX Basic
4J8IA9GL,4J8IA9GL,A047,R031,Closed Won,470.0,2017-12-29,West,GTX Basic
4N2KE2ER,4N2KE2ER,A012,R010,Closed Won,987.0,2017-08-24,Central,GTX Plus Basic
4Q1A27SA,4Q1A27SA,A064,R024,Closed Won,3597.0,2017-11-20,West,MG Advanced
4UN65HWV,4UN65HWV,A076,R010,Closed Won,878.0,2017-08-23,Central,GTX Plus Basic
4YXXI2OI,4YXXI2OI,A011,R001,Closed Won,53.0,2017-12-18,Central,MG Special
52Q1PYGW,52Q1PYGW,A084,R022,Closed Won,940.0,2017-06-08,East,GTX Plus Basic
56SRDF1B,56SRDF1B,A028,R005,Closed Won,59.0,2017-09-09,Central,MG Special
5AKGNKX1,5AKGNKX1,A045,R001,Closed Won,58.0,2017-03-16,Central,MG Special
5F40OSXS,5F40OSXS,A049,R019,Closed Won,3424.0,2017-06-19,East,MG Advanced
5ITSLO0E,5ITSLO0E,A073,R001,Closed Won,999.0,2017-03-04,Central,GTX Plus Basic
5NW73ZRY,5NW73ZRY,A001,R022,Closed Won,3370.0,2017-05-22,East,MG Advanced
5QD53WHF,5QD53WHF,A018,R018,Closed Won,1020.0,2017-03-07,East,GTX Plus Basic
5UEA6KVU,5UEA6KVU,A059,R009,Closed Won,461.0,2017-10-27,Central,GTX Basic
60JGDDRO,60JGDDRO,A016,R010,Closed Won,5052.0,2017-12-19,Central,GTX Pro
6389JY2H,6389JY2H,A036,R005,Closed Won,57.0,2017-06-02,Central,MG Special
676KO0LG,676KO0LG,A030,R010,Closed Won,927.0,2017-07-29,Central,GTX Plus Basic
6BBYA0L3,6BBYA0L3,A058,R026,Closed Won,1157.0,2017-08-06,West,GTX Plus Basic
6FI9HAX7,6FI9HAX7,A059,R003,Closed Won,46.0,2017-06-13,Central,MG Special
6IMUQYMN,6IMUQYMN,A075,R013,Closed Won,540.0,2017-03-10,East,GTX Basic
6MTURF7Q,6MTURF7Q,A033,R026,Closed Won,56.0,2017-06-21,West,MG Special
6SV2WYK4,6SV2WYK4,A007,R022,Closed Won,1239.0,2017-09-05,East,GTX Plus Basic
6V7OMXY5,6V7OMXY5,A022,R034,Closed Won,5966.0,2017-09-01,West,GTX Plus Pro
6XO4RYXK,6XO4RYXK,A063,R020,Closed Won,1132.0,2017-03-15,East,GTX Plus Basic
72UVDOKU,72UVDOKU,A045,R002,Closed Won,62.0,2017-07-24,Central,MG Special
76GEYK0T,76GEYK0T,A053,R019,Closed Won,888.0,2017-10-23,East,GTX Plus Basic
79G6725X,79G6725X,A041,R031,Closed Won,5415.0,2017-04-26,West,GTX Pro
7DDD3NZ2,7DDD3NZ2,A053,R014,Closed Won,567.0,2017-05-17,East,GTX Basic
7FZMWZJT,7FZMWZJT,A039,R007,Closed Won,3561.0,2017-11-07,Central,MG Advanced
7IZ2GMYK,7IZ2GMYK,A072,R010,Closed Won,640.0,2017-05-16,Central,GTX Basic
7OGPA4I3,7OGPA4I3,A074,R021,Closed Won,3482.0,2017-10-12,East,MG Advanced
7RI58VF7,7RI58VF7,A068,R001,Closed Won,460.0,2017-06-20,Central,GTX Basic
7TJEHAED,7TJEHAED,A030,R010,Closed Won,4413.0,2017-04-15,Central,GTX Pro
7Y5E0RDL,7Y5E0RDL,A069,R013,Closed Won,56.0,2017-06-18,East,MG Special
82MM4H33,82MM4H33,A046,R033,Closed Won,1049.0,2017-03-09,West,GTX Plus Basic
86GSJWQW,86GSJWQW,A031,R025,Closed Won,54.0,2017-11-30,West,MG Special
8AKZH8QS,8AKZH8QS,A084,R022,Closed Won,1259.0,2017-12-17,East,GTX Plus Basic
8FX574BJ,8FX574BJ,A061,R024,Closed Won,4264.0,2017-07-03,West,GTX Pro
8IJOC37Z,8IJOC37Z,A036,R031,Closed Won,424.0,2017-06-28,West,GTX Basic
8M6TB2ZX,8M6TB2ZX,A032,R030,Closed Won,5013.0,2017-07-21,West,GTX Plus Pro
8PU9FIQS,8PU9FIQS,A016,R007,Closed Won,3657.0,2017-07-11,Central,MG Advanced
8THGVJ52,8THGVJ52,A064,R034,Closed Won,5655.0,2017-11-06,West,GTX Plus Pro
8W464DG6,8W464DG6,A082,R013,Closed Won,5787.0,2017-04-30,East,GTX Pro
921APYA3,921APYA3,A047,R027,Closed Won,1192.0,2017-12-25,West,GTX Plus Basic
94GCWI08,94GCWI08,A015,R010,Closed Won,4650.0,2017-06-12,Central,GTX Pro
97KFQSX1,97KFQSX1,A061,R028,Closed Won,3351.0,2017-05-09,West,MG Advanced
9B8SPYAF,9B8SPYAF,A017,R032,Closed Won,552.0,2017-04-24,West,GTX Basic
9EGLQG3N,9EGLQG3N,A085,R008,Closed Won,640.0,2017-12-14,Central,GTX Basic
9HXSC391,9HXSC391,A075,R019,Closed Won,3087.0,2017-05-22,East,MG Advanced
9OLZU3WB,9OLZU3WB,A012,R002,Closed Won,47.0,2017-09-23,Central,MG Special
9SLYC4TR,9SLYC4TR,A009,R008,Closed Won,56.0,2017-03-09,Central,MG Special
9X6V79KE,9X6V79KE,A039,R003,Closed Won,6282.0,2017-03-25,Central,GTX Plus Pro
A1WZEK7U,A1WZEK7U,A042,R021,Closed Won,3558.0,2017-06-03,East,MG Advanced
A4CVM3PM,A4CVM3PM,A053,R013,Closed Won,5069.0,2017-12-27,East,GTX Pro
A9C9YCSN,A9C9YCSN,A057,R010,Closed Won,53.0,2017-04-09,Central,MG Special
ACZQMAR4,ACZQMAR4,A058,R024,Closed Won,3615.0,2017-07-07,West,MG Advanced
AHUTOSMS,AHUTOSMS,A028,R010,Closed Won,4772.0,2017-07-31,Central,GTX Pro
AKXBF6IQ,AKXBF6IQ,A030,R003,Closed Won,54.0,2017-06-09,Central,MG Special
AP3405RD,AP3405RD,A019,R002,Closed Won,57.0,2017-05-16,Central,MG Special
ASW97JK3,ASW97JK3,A029,R010,Closed Won,4709.0,2017-06-29,Central,GTX Pro
AX63HIS9,AX63HIS9,A042,R021,Closed Won,4611.0,2017-08-23,East,GTX Pro
B5CBSTM5,B5CBSTM5,A031,R031,Closed Won,3550.0,2017-03-29,West,MG Advanced
B8TD9HCN,B8TD9HCN,A043,R012,Closed Won,3172.0,2017-07-11,East,MG Advanced
BGNB966A,BGNB966A,A049,R022,Closed Won,4766.0,2017-03-13,East,GTX Plus Pro
BL23633Z,BL23633Z,A045,R008,Closed Won,3830.0,2017-11-25,Central,MG Advanced
BP45IP77,BP45IP77,A003,R001,Closed Won,53.0,2017-07-25,Central,MG Special
BU1B6PHK,BU1B6PHK,A010,R032,Closed Won,915.0,2017-04-10,West,GTX Plus Basic
BZNGP0DN,BZNGP0DN,A048,R021,Closed Won,53.0,2017-08-10,East,MG Special
C3QK8M7F,C3QK8M7F,A065,R027,Closed Won,4423.0,2017-06-15,West,GTX Plus Pro
C6F5DTFR,C6F5DTFR,A019,R009,Closed Won,587.0,2017-12-19,Central,GTX Basic
CAXTE48L,CAXTE48L,A010,R026,Closed Won,3363.0,2017-07-24,West,MG Advanced
CEQ3J96G,CEQ3J96G,A025,R001,Closed Won,54.0,2017-08-04,Central,MG Special
CLHPJZHP,CLHPJZHP,A041,R026,Closed Won,4552.0,2017-10-25,West,GTX Plus Pro
CNO8JPLA,CNO8JPLA,A012,R009,Closed Won,557.0,2017-05-06,Central,GTX Basic
CPWTJ2WC,CPWTJ2WC,A023,R007,Closed Won,3236.0,2017-06-03,Central,MG Advanced
CTZ5I5R5,CTZ5I5R5,A005,R019,Closed Won,5469.0,2017-12-05,East,GTX Plus Pro
CYOJ4G39,CYOJ4G39,A039,R010,Closed Won,5673.0,2017-07-19,Central,GTX Pro
D3OST43E,D3OST43E,A031,R030,Closed Won,996.0,2017-04-20,West,GTX Plus Basic
D7JDQB12,D7JDQB12,A004,R004,Closed Won,2857.0,2017-09-23,Central,MG Advanced
DCIFTBM0,DCIFTBM0,A012,R022,Closed Won,489.0,2017-12-21,East,GTX Basic
DG6RIZ6R,DG6RIZ6R,A034,R025,Closed Won,1210.0,2017-08-21,West,GTX Plus Basic
DJXM9LIW,DJXM9LIW,A043,R020,Closed Won,1020.0,2017-07-14,East,GTX Plus Basic
DOPOI0R5,DOPOI0R5,A024,R026,Closed Won,3403.0,2017-07-28,West,MG Advanced
DTIZX4YN,DTIZX4YN,A009,R006,Closed Won,969.0,2017-10-22,Central,GTX Plus Basic
E1921PBZ,E1921PBZ,A024,R031,Closed Won,468.0,2017-05-23,West,GTX Basic
E4H6CBPJ,E4H6CBPJ,A025,R010,Closed Won,5449.0,2017-09-26,Central,GTX Pro
E7TDBIDS,E7TDBIDS,A042,R031,Closed Won,5323.0,2017-09-06,West,GTX Pro
EC4QE1BX,EC4QE1BX,A009,R010,Closed Won,50.0,2017-03-07,Central,MG Special
EG5M02ZV,EG5M02ZV,A041,R031,Closed Won,539.0,2017-09-27,West,GTX Basic
EM1W738H,EM1W738H,A015,R010,Closed Won,5595.0,2017-11-22,Central,GTX Plus Pro
EOB01PRO,EOB01PRO,A029,R003,Closed Won,47.0,2017-05-14,Central,MG Special
ESNS1OS9,ESNS1OS9,A042,R032,Closed Won,4742.0,2017-11-07,West,GTX Plus Pro
EXXFSC3O,EXXFSC3O,A053,R019,Closed Won,4343.0,2017-11-15,East,GTX Pro
F2KINGVU,F2KINGVU,A041,R024,Closed Won,50.0,2017-04-23,West,MG Special
F58R70DY,F58R70DY,A018,R021,Closed Won,4641.0,2017-09-10,East,GTX Pro
F9XJYM9F,F9XJYM9F,A038,R006,Closed Won,511.0,2017-08-12,Central,GTX Basic
FCEJCRKY,FCEJCRKY,A068,R007,Closed Won,661.0,2017-10-08,Central,GTX Basic
FF5G00YD,FF5G00YD,A049,R013,Closed Won,560.0,2017-09-18,East,GTX Basic
FJEL0TDN,FJEL0TDN,A013,R003,Closed Won,58.0,2017-10-07,Central,MG Special
FN50OJHN,FN50OJHN,A003,R009,Closed Won,1088.0,2017-07-11,Central,GTX Plus Basic
FQ2F717F,FQ2F717F,A062,R003,Closed Won,52.0,2017-08-03,Central,MG Special
FRRJMFIJ,FRRJMFIJ,A042,R014,Closed Won,501.0,2017-09-24,East,GTX Basic
FX54MQFC,FX54MQFC,A031,R032,Closed Won,592.0,2017-04-24,West,GTX Basic
G0QKNVIJ,G0QKNVIJ,A013,R001,Closed Won,51.0,2017-05-28,Central,MG Special
G2KW3DWD,G2KW3DWD,A012,R004,Closed Won,1080.0,2017-11-02,Central,GTX Plus Basic
G7NU2YCG,G7NU2YCG,A040,R019,Closed Won,57.0,2017-09-08,East,MG Special
GC1TSADL,GC1TSADL,A022,R028,Closed Won,5703.0,2017-07-18,West,GTX Pro
GHB3UIDV,GHB3UIDV,A084,R013,Closed Won,458.0,2017-07-26,East,GTX Basic
GJ4L5HHN,GJ4L5HHN,A049,R013,Closed Won,1034.0,2017-03-14,East,GTX Plus Basic
GM68OLDH,GM68OLDH,A033,R030,Closed Won,5569.0,2017-09-05,West,GTX Plus Pro
GQFRHJF6,GQFRHJF6,A074,R020,Closed Won,4581.0,2017-08-10,East,GTX Pro
GTANESSU,GTANESSU,A039,R004,Closed Won,991.0,2017-05-22,Central,GTX Plus Basic
GWAT8UWK,GWAT8UWK,A062,R004,Closed Won,638.0,2017-03-25,Central,GTX Basic
GZUKDP7F,GZUKDP7F,A009,R010,Closed Won,3295.0,2017-06-13,Central,MG Advanced
H3ZS0FBT,H3ZS0FBT,A009,R007,Closed Won,477.0,2017-11-21,Central,GTX Basic
H8CLNRM2,H8CLNRM2,A044,R034,Closed Won,5006.0,2017-05-26,West,GTX Pro
HEDUIEUN,HEDUIEUN,A035,R026,Closed Won,62.0,2017-06-23,West,MG Special
HHP6R0IX,HHP6R0IX,A024,R033,Closed Won,5170.0,2017-11-05,West,GTX Pro
HMKFBTYR,HMKFBTYR,A004,R010,Closed Won,600.0,2017-06-20,Central,GTX Basic
HSZOPWWT,HSZOPWWT,A020,R013,Closed Won,530.0,2017-09-15,East,GTX Basic
HXRF96S3,HXRF96S3,A046,R024,Closed Won,54.0,2017-12-15,West,MG Special
I2DLJ6C3,I2DLJ6C3,A027,R014,Closed Won,51.0,2017-11-27,East,MG Special
I6O855AE,I6O855AE,A001,R018,Closed Won,1282.0,2017-05-22,East,GTX Plus Basic
I8A9OXP2,I8A9OXP2,A027,R012,Closed Won,5031.0,2017-06-25,East,GTX Pro
ID3IJHUS,ID3IJHUS,A077,R027,Closed Won,3820.0,2017-03-11,West,MG Advanced
IF7DSONM,IF7DSONM,A066,R005,Closed Won,52.0,2017-03-15,Central,MG Special
IHJEX21Z,IHJEX21Z,A051,R032,Closed Won,562.0,2017-12-03,West,GTX Basic
IK72767Q,IK72767Q,A023,R007,Closed Won,609.0,2017-12-14,Central,GTX Basic
IOMVIZR8,IOMVIZR8,A066,R008,Closed Won,5729.0,2017-11-04,Central,GTX Pro
IS8Z2CQA,IS8Z2CQA,A052,R021,Closed Won,4434.0,2017-07-30,East,GTX Pro
IVSOSC0E,IVSOSC0E,A079,R033,Closed Won,1134.0,2017-10-15,West,GTX Plus Basic
J096XFZG,J096XFZG,A084,R014,Closed Won,4906.0,2017-09-04,East,GTX Pro
J5QLUH5O,J5QLUH5O,A073,R003,Closed Won,60.0,2017-04-29,Central,MG Special
J7YF6DS7,J7YF6DS7,A002,R013,Closed Won,5964.0,2017-03-01,East,GTX Plus Pro
JD6WHH6G,JD6WHH6G,A057,R010,Closed Won,5055.0,2017-10-10,Central,GTX Pro
JFBWABB1,JFBWABB1,A046,R026,Closed Won,3473.0,2017-11-26,West,MG Advanced
JK75NQBD,JK75NQBD,A008,R019,Closed Won,997.0,2017-05-20,East,GTX Plus Basic
JNIMHE7Y,JNIMHE7Y,A076,R001,Closed Won,61.0,2017-08-20,Central,MG Special
JQ8V4I1K,JQ8V4I1K,A004,R003,Closed Won,56.0,2017-04-22,Central,MG Special
JSNPH01N,JSNPH01N,A065,R028,Closed Won,56.0,2017-06-10,West,MG Special
JXLERZ9O,JXLERZ9O,A031,R031,Closed Won,559.0,2017-03-31,West,GTX Basic
K1OBT27J,K1OBT27J,A077,R030,Closed Won,553.0,2017-08-10,West,GTX Basic
K4Y8R0FX,K4Y8R0FX,A068,R010,Closed Won,65.0,2017-06-04,Central,MG Special
K9D4DQ3R,K9D4DQ3R,A075,R014,Closed Won,48.0,2017-03-02,East,MG Special
KE7SZLG7,KE7SZLG7,A027,R022,Closed Won,1075.0,2017-06-11,East,GTX Plus Basic
KIMW6PXN,KIMW6PXN,A078,R018,Closed Won,4939.0,2017-06-20,East,GTX Pro
KNH4ZX85,KNH4ZX85,A004,R006,Closed Won,62.0,2017-10-31,Central,MG Special
KQLS98VW,KQLS98VW,A012,R010,Closed Won,1245.0,2017-12-04,Central,GTX Plus Basic
KUK2H5MD,KUK2H5MD,A060,R002,Closed Won,1184.0,2017-06-13,Central,GTX Plus Basic
L11T0DYF,L11T0DYF,A022,R024,Closed Won,2590.0,2017-12-01,West,MG Advanced
L47EPGVT,L47EPGVT,A030,R001,Closed Won,4760.0,2017-03-01,Central,GTX Plus Pro
L8NLCWFS,L8NLCWFS,A061,R031,Closed Won,4869.0,2017-08-20,West,GTX Pro
LCBVIPRA,LCBVIPRA,A031,R024,Closed Won,60.0,2017-06-29,West,MG Special
LFN6XPK7,LFN6XPK7,A070,R024,Closed Won,2753.0,2017-06-27,West,MG Advanced
LKFYC5X3,LKFYC5X3,A020,R014,Closed Won,58.0,2017-12-15,East,MG Special
LROWI84G,LROWI84G,A019,R010,Closed Won,1237.0,2017-10-31,Central,GTX Plus Basic
LVMPJ8JN,LVMPJ8JN,A011,R006,Closed Won,546.0,2017-12-31,Central,GTX Basic
M0IN22XH,M0IN22XH,A083,R031,Closed Won,1043.0,2017-09-26,West,GTX Plus Basic
M3QL68T6,M3QL68T6,A054,R024,Closed Won,595.0,2017-12-04,West,GTX Basic
M6J6VNVQ,M6J6VNVQ,A052,R020,Closed Won,498.0,2017-09-08,East,GTX Basic
MA6F51AR,MA6F51AR,A083,R031,Closed Won,57.0,2017-11-29,West,MG Special
MCYLHUCZ,MCYLHUCZ,A060,R004,Closed Won,1044.0,2017-05-31,Central,GTX Plus Basic
MFX2LR1Q,MFX2LR1Q,A059,R004,Closed Won,3573.0,2017-03-15,Central,MG Advanced
MJ0RRDLN,MJ0RRDLN,A027,R013,Closed Won,4639.0,2017-12-05,East,GTX Pro
MMIYELAE,MMIYELAE,A028,R008,Closed Won,1071.0,2017-11-19,Central,GTX Plus Basic
MPVD0JVF,MPVD0JVF,A064,R034,Closed Won,601.0,2017-11-30,West,GTX Basic
MUIT1E0M,MUIT1E0M,A042,R032,Closed Won,5339.0,2017-06-19,West,GTX Pro
MXTAIS4Q,MXTAIS4Q,A040,R016,Closed Won,3783.0,2017-06-09,East,MG Advanced
N22XN5IM,N22XN5IM,A055,R032,Closed Won,1082.0,2017-12-04,West,GTX Plus Basic
N58V2ML8,N58V2ML8,A056,R020,Closed Won,50.0,2017-04-14,East,MG Special
N9KFQCOH,N9KFQCOH,A075,R014,Closed Won,5688.0,2017-09-05,East,GTX Pro
NDHQMBA0,NDHQMBA0,A029,R010,Closed Won,1060.0,2017-08-03,Central,GTX Plus Basic
NJCI3Y9S,NJCI3Y9S,A012,R033,Closed Won,4642.0,2017-06-03,West,GTX Pro
NN6CSUWT,NN6CSUWT,A081,R018,Closed Won,1065.0,2017-03-21,East,GTX Plus Basic
NR1JSUPQ,NR1JSUPQ,A020,R022,Closed Won,973.0,2017-11-11,East,GTX Plus Basic
NW6OPA4M,NW6OPA4M,A006,R031,Closed Won,4983.0,2017-05-21,West,GTX Plus Pro
NYLCZ28K,NYLCZ28K,A073,R005,Closed Won,3025.0,2017-08-16,Central,MG Advanced
O6LVMQ5R,O6LVMQ5R,A014,R031,Closed Won,576.0,2017-07-07,West,GTX Basic
OB2PHGFR,OB2PHGFR,A041,R028,Closed Won,3308.0,2017-11-04,West,MG Advanced
OF7GY5F4,OF7GY5F4,A071,R012,Closed Won,61.0,2017-03-09,East,MG Special
OJ0C7S3T,OJ0C7S3T,A028,R008,Closed Won,4784.0,2017-04-24,Central,GTX Pro
OP2DIRC2,OP2DIRC2,A038,R004,Closed Won,536.0,2017-07-19,Central,GTX Basic
OTNZ5ZCN,OTNZ5ZCN,A064,R024,Closed Won,5099.0,2017-09-06,West,GTX Pro
OX4P78HP,OX4P78HP,A078,R013,Closed Won,1257.0,2017-03-16,East,GTX Plus Basic
P2ST849C,P2ST849C,A053,R012,Closed Won,57.0,2017-06-16,East,MG Special
P60EK5NN,P60EK5NN,A085,R005,Closed Won,2739.0,2017-09-21,Central,MG Advanced
PAUXUGK3,PAUXUGK3,A065,R031,Closed Won,997.0,2017-07-30,West,GTX Plus Basic
PDXFONE0,PDXFONE0,A049,R021,Closed Won,5420.0,2017-06-07,East,GTX Pro
PGRIPWHY,PGRIPWHY,A065,R033,Closed Won,5853.0,2017-04-25,West,GTX Plus Pro
PLM5WEY4,PLM5WEY4,A054,R024,Closed Won,3316.0,2017-04-06,West,MG Advanced
PNUBACZM,PNUBACZM,A039,R010,Closed Won,4606.0,2017-06-07,Central,GTX Pro
PUP6JDT9,PUP6JDT9,A042,R032,Closed Won,3464.0,2017-09-12,West,MG Advanced
PYZZ3IS6,PYZZ3IS6,A006,R027,Closed Won,1043.0,2017-03-11,West,GTX Plus Basic
Q3K6K5V9,Q3K6K5V9,A083,R024,Closed Won,52.0,2017-12-26,West,MG Special
Q81Q0PJK,Q81Q0PJK,A076,R001,Closed Won,991.0,2017-07-06,Central,GTX Plus Basic
QFBBRJL5,QFBBRJL5,A074,R021,Closed Won,60.0,2017-09-26,East,MG Special
QL7H3WQZ,QL7H3WQZ,A076,R006,Closed Won,1091.0,2017-04-09,Central,GTX Plus Basic
QQCIN1M4,QQCIN1M4,A037,R018,Closed Won,420.0,2017-06-26,East,GTX Basic
QUGPSHY8,QUGPSHY8,A030,R006,Closed Won,56.0,2017-04-27,Central,MG Special
QYUZ3KVU,QYUZ3KVU,A049,R020,Closed Won,3114.0,2017-08-11,East,MG Advanced
R2DKRFDD,R2DKRFDD,A018,R019,Closed Won,578.0,2017-11-02,East,GTX Basic
R7GYOI0M,R7GYOI0M,A035,R030,Closed Won,5547.0,2017-12-10,West,GTX Plus Pro
R9ZOFUBX,R9ZOFUBX,A068,R004,Closed Won,513.0,2017-12-13,Central,GTX Basic
RCNTHN0E,RCNTHN0E,A064,R030,Closed Won,65.0,2017-08-20,West,MG Special
RFTDQJ0U,RFTDQJ0U,A005,R014,Closed Won,558.0,2017-10-01,East,GTX Basic
RLHNEVYY,RLHNEVYY,A013,R010,Closed Won,5008.0,2017-09-10,Central,GTX Pro
ROQBT7TM,ROQBT7TM,A012,R001,Closed Won,54.0,2017-06-20,Central,MG Special
RSZC6BMW,RSZC6BMW,A072,R005,Closed Won,538.0,2017-05-07,Central,GTX Basic
RW6QS352,RW6QS352,A067,R003,Closed Won,6000.0,2017-12-31,Central,GTX Plus Pro
RZ2PUH86,RZ2PUH86,A034,R031,Closed Won,582.0,2017-05-17,West,GTX Basic
S2WDGIHL,S2WDGIHL,A076,R002,Closed Won,2915.0,2017-05-29,Central,MG Advanced
S4YQYJPM,S4YQYJPM,A011,R010,Closed Won,48.0,2017-09-13,Central,MG Special
S8JALB62,S8JALB62,A071,R019,Closed Won,3508.0,2017-07-06,East,MG Advanced
SBF5S7LF,SBF5S7LF,A035,R031,Closed Won,6555.0,2017-10-21,West,GTX Plus Pro
SEDTNUD7,SEDTNUD7,A072,R010,Closed Won,1000.0,2017-07-28,Central,GTX Plus Basic
SICU0A7Z,SICU0A7Z,A066,R004,Closed Won,517.0,2017-04-27,Central,GTX Basic
SLXPTSGS,SLXPTSGS,A012,R016,Closed Won,44.0,2017-10-11,East,MG Special
SSEOGPPI,SSEOGPPI,A025,R010,Closed Won,3346.0,2017-09-10,Central,MG Advanced
SV3T5L5N,SV3T5L5N,A059,R001,Closed Won,1160.0,2017-07-21,Central,GTX Plus Basic
SZ81H1PM,SZ81H1PM,A009,R003,Closed Won,47.0,2017-03-17,Central,MG Special
T2UA7F7Z,T2UA7F7Z,A053,R021,Closed Won,5204.0,2017-08-08,East,GTX Plus Pro
T7MVQ9SX,T7MVQ9SX,A021,R030,Closed Won,4985.0,2017-05-02,West,GTX Plus Pro
TBS5Y874,TBS5Y874,A042,R021,Closed Won,6456.0,2017-12-17,East,GTX Plus Pro
TFQR150O,TFQR150O,A040,R020,Closed Won,5064.0,2017-07-02,East,GTX Pro
TK29F68V,TK29F68V,A079,R026,Closed Won,49.0,2017-06-13,West,MG Special
TQLJOZBP,TQLJOZBP,A084,R022,Closed Won,59.0,2017-04-15,East,MG Special
TTYSSNJH,TTYSSNJH,A027,R019,Closed Won,1027.0,2017-11-01,East,GTX Plus Basic
TYQFCQBN,TYQFCQBN,A020,R014,Closed Won,4620.0,2017-11-26,East,GTX Pro
U2JI00ER,U2JI00ER,A003,R007,Closed Won,3353.0,2017-10-27,Central,MG Advanced
U68B4UQU,U68B4UQU,A073,R002,Closed Won,5096.0,2017-09-13,Central,GTX Plus Pro
UBWO7HIV,UBWO7HIV,A033,R026,Closed Won,3293.0,2017-12-13,West,MG Advanced
UG4BHJRQ,UG4BHJRQ,A064,R033,Closed Won,4105.0,2017-10-11,West,GTX Pro
UKLAKXP2,UKLAKXP2,A056,R019,Closed Won,5091.0,2017-04-25,East,GTX Pro
UOUG01WG,UOUG01WG,A003,R003,Closed Won,68.0,2017-05-16,Central,MG Special
USJ0JACE,USJ0JACE,A048,R012,Closed Won,960.0,2017-12-16,East,GTX Plus Basic
UXJSIAVS,UXJSIAVS,A079,R033,Closed Won,4846.0,2017-03-14,West,GTX Plus Pro
V1ROZMCX,V1ROZMCX,A015,R001,Closed Won,1041.0,2017-06-28,Central,GTX Plus Basic
V5THS9V8,V5THS9V8,A039,R009,Closed Won,1117.0,2017-11-27,Central,GTX Plus Basic
V93ZA48C,V93ZA48C,A020,R019,Closed Won,614.0,2017-09-24,East,GTX Basic
VBN56JMP,VBN56JMP,A032,R024,Closed Won,496.0,2017-07-18,West,GTX Basic
VF7DWQIH,VF7DWQIH,A015,R010,Closed Won,5421.0,2017-08-25,Central,GTX Plus Pro
VMIMPP6H,VMIMPP6H,A074,R018,Closed Won,1078.0,2017-09-11,East,GTX Plus Basic
VPSJHIAA,VPSJHIAA,A071,R019,Closed Won,4891.0,2017-04-28,East,GTX Pro
VT5Y73GX,VT5Y73GX,A003,R001,Closed Won,56.0,2017-03-15,Central,MG Special
VXX8GJGY,VXX8GJGY,A071,R020,Closed Won,1158.0,2017-03-19,East,GTX Plus Basic
W36MU0PW,W36MU0PW,A080,R020,Closed Won,595.0,2017-09-09,East,GTX Basic
W7F056RK,W7F056RK,A070,R032,Closed Won,5073.0,2017-04-01,West,GTX Pro
WB974HS4,WB974HS4,A025,R009,Closed Won,984.0,2017-09-18,Central,GTX Plus Basic
WFNKJ2LT,WFNKJ2LT,A055,R034,Closed Won,57.0,2017-07-01,West,MG Special
WJ9JNMJ2,WJ9JNMJ2,A066,R003,Closed Won,49.0,2017-10-24,Central,MG Special
WOD9UKMP,WOD9UKMP,A066,R002,Closed Won,1059.0,2017-11-18,Central,GTX Plus Basic
WS9CXY7E,WS9CXY7E,A013,R008,Closed Won,6719.0,2017-03-01,Central,GTX Plus Pro
WX3CPDYD,WX3CPDYD,A027,R021,Closed Won,4651.0,2017-12-31,East,GTX Pro
X2GXIKND,X2GXIKND,A036,R001,Closed Won,5468.0,2017-11-22,Central,GTX Plus Pro
X6LO8WPD,X6LO8WPD,A029,R006,Closed Won,505.0,2017-05-28,Central,GTX Basic
XAE858UJ,XAE858UJ,A068,R006,Closed Won,628.0,2017-06-30,Central,GTX Basic
XE84LNAS,XE84LNAS,A034,R024,Closed Won,4364.0,2017-05-22,West,GTX Pro
XJ9RQU4K,XJ9RQU4K,A039,R004,Closed Won,3430.0,2017-06-14,Central,MG Advanced
XNO6DQPU,XNO6DQPU,A049,R014,Closed Won,64.0,2017-05-03,East,MG Special
XRJTRP20,XRJTRP20,A021,R034,Closed Won,4505.0,2017-10-17,West,GTX Pro
XW1ONOVO,XW1ONOVO,A042,R022,Closed Won,3420.0,2017-07-23,East,MG Advanced
Y25T06D2,Y25T06D2,A015,R001,Closed Won,866.0,2017-12-26,Central,GTX Plus Basic
Y5CP83V4,Y5CP83V4,A039,R005,Closed Won,530.0,2017-09-30,Central,GTX Basic
Y9HHGGOQ,Y9HHGGOQ,A015,R003,Closed Won,53.0,2017-10-04,Central,MG Special
YC6QEUJN,YC6QEUJN,A042,R015,Closed Won,950.0,2017-07-08,East,GTX Plus Basic
YFS5KLJJ,YFS5KLJJ,A024,R025,Closed Won,45.0,2017-03-31,West,MG Special
YMGWLEHY,YMGWLEHY,A002,R015,Closed Won,3822.0,2017-03-21,East,GTX Pro
YT2QLCVS,YT2QLCVS,A034,R026,Closed Won,3539.0,2017-06-28,West,MG Advanced
YVJ3V0ZI,YVJ3V0ZI,A033,R030,Closed Won,476.0,2017-12-20,West,GTX Basic
Z032GGRE,Z032GGRE,A019,R010,Closed Won,4935.0,2017-08-12,Central,GTX Pro
Z4A1R9CJ,Z4A1R9CJ,A023,R005,Closed Won,1147.0,2017-05-22,Central,GTX Plus Basic
Z9W748SJ,Z9W748SJ,A040,R019,Closed Won,60.0,2017-07-03,East,MG Special
ZDAJ4PFJ,ZDAJ4PFJ,A004,R005,Closed Won,513.0,2017-12-03,Central,GTX Basic
ZFRPQV2M,ZFRPQV2M,A025,R002,Closed Won,51.0,2017-11-03,Central,MG Special
ZILYYA1V,ZILYYA1V,A032,R024,Closed Won,45.0,2017-03-30,West,MG Special
ZMYUFTS9,ZMYUFTS9,A016,R005,Closed Won,3207.0,2017-08-16,Central,MG Advanced
ZQHJNTDK,ZQHJNTDK,A039,R005,Closed Won,1042.0,2017-11-13,Central,GTX Plus Basic
ZVEH26GP,ZVEH26GP,A041,R032,Closed Won,1028.0,2017-10-08,West,GTX Plus Basic
